{"STG_PAYMENTS": {"columns": ["STATUS", "PAYMENT_METHOD", "PAYMENT_ID", "ORDER_ID", "AMOUNT"], "step_id": "5b2b3068e25717bcccc631c10e9796b17cf4559f994c455d3170543a9b61adab", "columns_with_ids": [{"column_name": "PAYMENT_ID", "column_counter_id": "d5cbff92f0e6abb64dc48c4bf3a00606b93851558d8940037f5d7d04e3ce523b"}, {"column_name": "AMOUNT", "column_counter_id": "0be57ffc154358a79ca581e4476abadb36f64670c52b598072ad96903c54d754"}, {"column_name": "ORDER_ID", "column_counter_id": "67881888d64e9aeebfb4ec2e1cac9002ac0d91d69738bb9123b01c4e78f0323b"}, {"column_name": "*", "column_counter_id": "fe44f081c5a007565b0334dc41ed463514ef0451f50fbf83aad42900f1a56413"}, {"column_name": "AMOUNT", "column_counter_id": "325d382624f9b4ed5632c1d8a8f5ceae9a9dc312697dc6512e8312f49ac1076b"}, {"column_name": "ORDER_ID", "column_counter_id": "51eed8d557fbbc725232a165325f4973d5a9d12443c83b604ec14d0f4fffa6d8"}, {"column_name": "STATUS", "column_counter_id": "3d6d08d9158bf7db686e08183abfa1cde0a463c3b7d4f7eed4d068f2b8c300bc"}, {"column_name": "*", "column_counter_id": "f548fa32e1dfc4f4e0ecb6c975bbe2a0e1380db25ec199862d799c672437bc5d"}, {"column_name": "AMOUNT", "column_counter_id": "ff26c3c68bbc3419e08fdf081f96ba2a7f32639e696c2e25ccb7cf1ace3461eb"}, {"column_name": "ORDER_ID", "column_counter_id": "1b71e1439566498115e6672051281e44acf82eb79b693bd9a70e9e1ba89fd642"}, {"column_name": "PAYMENT_METHOD", "column_counter_id": "4c3a1d192356826901e07e23609a0d101d825c4adfdc9c673d02e3ba5d744c25"}], "storage_location": "DBT_GGITHIRI"}}