[{"RPT_ALL_DATES": {"DBT_Entity_ID": "7INHIGHCNVK8M5H8QRA628GCCN", "coalesce_step_Id": "cb2903f40a8fc510f79684af8a916d3b3107bac70e7508128d7fd0cb67145ed0", "depends-on": []}}, {"DIM_CUSTOMERS": {"DBT_Entity_ID": "27FELAFQ7V94G01VKBKLLRID90", "coalesce_step_Id": "7765ca2ae3d2b01f5431d3de11f941eeade599f51a6ad243c6e623a5a22ae81f", "depends-on": []}}, {"FCT_CUSTOMER_ORDERS": {"DBT_Entity_ID": "F3TCRDR27FB841L6RV8DLJC3P", "coalesce_step_Id": "a6a22fe279be0b631f35a876a06961c470a6dbc053b5a7f17cc5ea5c3699c2da", "depends-on": []}}, {"FCT_ORDERS": {"DBT_Entity_ID": "P4GBV2JNUIHEM2AOPKKQ6U92V", "coalesce_step_Id": "c714ceee39efd3e940055c153d90a27ef1befd5460a81e9a454103804b4ada7a", "depends-on": []}}, {"ORDERS": {"DBT_Entity_ID": "11V35TJ7MK78A28RUH7N6UFQAL", "coalesce_step_Id": "a3a4569ee453e6acd2a60cf696107851c58ae6df8b1bb112f0ec0f46e1e80f89", "depends-on": []}}, {"INT_CUSTOMER_ORDER_HISTORY_JOINED": {"DBT_Entity_ID": "3BJRA54FANSA7KBCR98IKUB9F7", "coalesce_step_Id": "8827e91a5184b214a9b221918886ae726073f227d7df4e305c2c42f361335a62", "depends-on": []}}, {"INT_ORDERS": {"DBT_Entity_ID": "7BRM6HU5R94SVE0F6NHFI07VG2", "coalesce_step_Id": "338edb924169f3f72dac2dd91b5d66e174aec10ed4b096142fe3edb9ac23fa36", "depends-on": []}}, {"INT_ORDERS__PIVOTED": {"DBT_Entity_ID": "2VR41GJS6B9GC9JMR4NF2IQUO1", "coalesce_step_Id": "142dd859f9473da5abd82747e47c6b7def2896bfce6d72b1528228cbc4c7a5c4", "depends-on": []}}, {"INT_ORDER_PAYMENTS_PIVOTED": {"DBT_Entity_ID": "3VN1935HGMOKSM8T5LHKAGO56C", "coalesce_step_Id": "3d63c84ef6281effa42d7523c149f8fe025ee88d3c5162607300090f349ddbeb", "depends-on": []}}, {"METRICFLOW_TIME_SPINE": {"DBT_Entity_ID": "4EII8BP7T96LBUFCVKKEQ2NT4K", "coalesce_step_Id": "0cf9b91419b64916025109090435f3636ea58410d52c51a64e616af455960ac4", "depends-on": []}}, {"STG_CUSTOMERS": {"DBT_Entity_ID": "29DUOSU1TLLFKGOP1FIP7SUO3F", "coalesce_step_Id": "7ea98fed3785285115163cb1877f8bb5021713d6bec4d6759141342db67f8cf6", "depends-on": []}}, {"STG_ORDERS": {"DBT_Entity_ID": "6JFC2FOECLOK541THTSG9T5JGR", "coalesce_step_Id": "9d36429544bba44250068385ac1d3adcc30b2635fbedfefe73b2e32c577d6868", "depends-on": []}}, {"STG_PAYMENTS": {"DBT_Entity_ID": "4INDJ0QBEFHO6TPVFNN8LOP2DV", "coalesce_step_Id": "834d6d106326d5e6252a0fb812295d87c93435e8593a30c8f6b56acbffa51a44", "depends-on": []}}, {"DIM_DBT__CURRENT_MODELS": {"DBT_Entity_ID": "7RGQ1S96QRPBJ7UHRQS196LN1L", "coalesce_step_Id": "c15c4aed5ee94782207a639ae99d335cfef0c277dbf735e236fb61bf5f6d2ab0", "depends-on": []}}, {"DIM_DBT__EXPOSURES": {"DBT_Entity_ID": "58PES3QSFBBRHAVDSOKF0LQJO", "coalesce_step_Id": "ab628a0417a7559d39e5575ef13963af9eeee2fa8cea98d009ba7a8479cfff8d", "depends-on": []}}, {"DIM_DBT__MODELS": {"DBT_Entity_ID": "7TQJ0T59GOEITRURG5TDUSBR5N", "coalesce_step_Id": "0d53356f376041c66c9684cd546ffdd0d9997cfb592fa63158a98da7deef2e0f", "depends-on": []}}, {"DIM_DBT__SEEDS": {"DBT_Entity_ID": "TKDIF0DOKNRGC6KPMHRVR02DV", "coalesce_step_Id": "bcb7405b55bd0d86df7184a085f4c2583b18ee9af5092e19f3a8a463e6db5767", "depends-on": []}}, {"DIM_DBT__SNAPSHOTS": {"DBT_Entity_ID": "6VLHNMIR2S1QLO7QMVC2Q893MI", "coalesce_step_Id": "def11e06468bc3a1a6c3fb4cbaacf6561aae22786493ec136d51b1828332bc5e", "depends-on": []}}, {"DIM_DBT__SOURCES": {"DBT_Entity_ID": "5N3KM0I3I5RVP4DJM6CF8R1MOA", "coalesce_step_Id": "88b19e03d57c4fd03b0a0cd3f4d176a8f39f7a6facb9e0114ebf0dc92a3d6f1e", "depends-on": []}}, {"DIM_DBT__TESTS": {"DBT_Entity_ID": "7LRVM9SGLKQC0R1TJUB7R1C30M", "coalesce_step_Id": "cf92529865040c2886d1ec162eeaf1d0e776dd85e4abceb7836cf001593555e2", "depends-on": []}}, {"FCT_DBT__INVOCATIONS": {"DBT_Entity_ID": "5SNM882KBTMN6OCL4MA1FDSL5M", "coalesce_step_Id": "10b208657d468fa41bd552db473fa4d7131dfa1867f1839cef05b3a66f77a45b", "depends-on": []}}, {"FCT_DBT__MODEL_EXECUTIONS": {"DBT_Entity_ID": "2V60LE5B9BG31C1HSQ9CBMCCO6", "coalesce_step_Id": "9979264ef7558ec6d41b05ff69e9829c7ed1555733c14c343a7558c4405b853c", "depends-on": []}}, {"FCT_DBT__MODEL_INFORMATION": {"DBT_Entity_ID": "6B6BP1U4SROUOQA6O7TGUJDTFL", "coalesce_step_Id": "436f9f407853bd2e816ccb690f86a4b54aa1da39857a9780da6b0c25387ed28e", "depends-on": []}}, {"FCT_DBT__SEED_EXECUTIONS": {"DBT_Entity_ID": "4FDRM5RS8FSFS55A1578M889VU", "coalesce_step_Id": "96540a429c973fff3608e32ad61a3f11cb0c08bb032d9853ad98e6dd8959d326", "depends-on": []}}, {"FCT_DBT__SNAPSHOT_EXECUTIONS": {"DBT_Entity_ID": "1UL3P5MO35HVF67M51UL0N4IQB", "coalesce_step_Id": "277b172bc64e0ec9d4ec305e78da9a90333140e3b9085957147f056ace026dee", "depends-on": []}}, {"FCT_DBT__TEST_EXECUTIONS": {"DBT_Entity_ID": "BL34M74QRMRVCQ9TE0G4SLBAM", "coalesce_step_Id": "4c43a3e1ea8b2d821ee68f1bc7bf396b2107375b510c231e091b032ade023b28", "depends-on": []}}, {"EXPOSURES": {"DBT_Entity_ID": "1E6MHEHGHM24U698CRIQDG8246", "coalesce_step_Id": "32a0e6526921c697650a6358fa5b271ab17f0a5796bfcd76455afdfb37f69f18", "depends-on": []}}, {"INVOCATIONS": {"DBT_Entity_ID": "7532A3FLBQI4CGBG3J5P58FS7U", "coalesce_step_Id": "b6eb0f62673182f92ff173f3c1429eec9313504b4d868e41b3422137a9588144", "depends-on": []}}, {"MODELS": {"DBT_Entity_ID": "44UDTO42MGEU8DQU71MS094ART", "coalesce_step_Id": "3b1fad4c3c4c202c7b33855feea845e3dc8d3e0c65423b7d31cc543452a53f9c", "depends-on": []}}, {"MODEL_EXECUTIONS": {"DBT_Entity_ID": "7MP2KDRVHGF7EFOGD7OMHMG0UE", "coalesce_step_Id": "449538dfe51d7ff6f6b13058c7793eb32558917cb50095a9e7b1a7e5020dd94d", "depends-on": []}}, {"MODEL_INFORMATION": {"DBT_Entity_ID": "QH520B2LVVN64D0KG5T8H6EBE", "coalesce_step_Id": "409fa5cf5564a10095a8df11a463a7298b0ab89902afc064b83505da6ff8cdb6", "depends-on": []}}, {"SEEDS": {"DBT_Entity_ID": "19MTTHA9STEBEIV2DOEJ2O2JR2", "coalesce_step_Id": "075161c3e0ed2297886c286de92f78e1b58b12e37e85b19aaa68c613e70d45f3", "depends-on": []}}, {"SEED_EXECUTIONS": {"DBT_Entity_ID": "4OGMDR38OKT95LUJ3DJAURBIVC", "coalesce_step_Id": "0bf64999d9cc1b3a35b5d167b7aafd3e62749b6cd23528b4dd1117544f454cfd", "depends-on": []}}, {"SNAPSHOTS": {"DBT_Entity_ID": "75VR0I2H6E610PN7T5SM99EJIM", "coalesce_step_Id": "846ad248a716fcac76cff2e41f7a0410fd5f5a466497cca30125161ed886d407", "depends-on": []}}, {"SNAPSHOT_EXECUTIONS": {"DBT_Entity_ID": "37RV24SGQGRSR7M9ID5C8KQDG7", "coalesce_step_Id": "cec166e6afe876cb8d5c3d8c79f16a1325cbebf0d20de4ae18fa1ea2953b39c2", "depends-on": []}}, {"SOURCES": {"DBT_Entity_ID": "4VDAQR31V00KUBQ3L82CF0N6J4", "coalesce_step_Id": "e23c189dbf5bb9cfaa4c5de1e717d31e6b1bfb3de7411241e8beed300f61db63", "depends-on": []}}, {"TESTS": {"DBT_Entity_ID": "LBR2I82UGED81FPMAF8N8NIGI", "coalesce_step_Id": "147f065493b2a8b26c535b938addead8a64878617218dd4c69d59a82449fd71d", "depends-on": []}}, {"TEST_EXECUTIONS": {"DBT_Entity_ID": "325LEPR4712GACEO09LETBPAV7", "coalesce_step_Id": "1dcbb5cf17f2e9d8888e9bec88c70a987e9f52601040db4e289d57078a1838a1", "depends-on": []}}, {"STG_DBT__EXPOSURES": {"DBT_Entity_ID": "3FLIHIT2HVBGAGJEHGRTBBG2D4", "coalesce_step_Id": "5f516b1a7f04ee85483d4edb92509980aff028f529552def6dc7f7cd2711253c", "depends-on": []}}, {"STG_DBT__INVOCATIONS": {"DBT_Entity_ID": "63LNJC2S7H9QUD45DJDGKJ9685", "coalesce_step_Id": "931cffb9556c8a9bc65102a11d0efdf49f07551bd3dc85b6aee52db9c96b7852", "depends-on": []}}, {"STG_DBT__MODELS": {"DBT_Entity_ID": "1T68D9C9B1262JQGUNHQJFEOD0", "coalesce_step_Id": "cab6395d69f8028311f9e441fd90100e3899cb2e10390e814b4c3c117d1b1908", "depends-on": []}}, {"STG_DBT__MODEL_EXECUTIONS": {"DBT_Entity_ID": "571IVV9UVSC35STGDT40EV34IF", "coalesce_step_Id": "c990b2d91c6a62238770daf28fd99243b5074e377a617a9e8d4ef8b04cc28a15", "depends-on": []}}, {"STG_DBT__MODEL_INFORMATION": {"DBT_Entity_ID": "1PTB0KEUEK9RBRLMFSB423NJ8U", "coalesce_step_Id": "827aeb5324a66d590ff06b98e420e9b06e6c2523c42c3b9e0c50829de48facbe", "depends-on": []}}, {"STG_DBT__SEEDS": {"DBT_Entity_ID": "5IK6CHUGGLCGKJ0VKE3F7LVIHJ", "coalesce_step_Id": "61065cc55dc0af0d43f299f659fb9c8c668e0cce6b8678b0ac523c2a6d180088", "depends-on": []}}, {"STG_DBT__SEED_EXECUTIONS": {"DBT_Entity_ID": "Q90LCDLAMLBG48RHK2TS74QUF", "coalesce_step_Id": "9913adc8a7fd8791428b8f805a847a4cb0e20cb6fb72f93bbcb891103afddfad", "depends-on": []}}, {"STG_DBT__SNAPSHOTS": {"DBT_Entity_ID": "15IUPQJ43UCCBG0L895TOLCH7F", "coalesce_step_Id": "c0ea9ab99643a79b863f069f0ef6e85bb891966c190ac8110dd8b1721c520aaf", "depends-on": []}}, {"STG_DBT__SNAPSHOT_EXECUTIONS": {"DBT_Entity_ID": "19V7ULU3PVLH1KNE1I2LIFJAGQ", "coalesce_step_Id": "8f326f151c73251f3c14d78ed2b48d0ef3a8a30bcb24f0f6950657a124186afc", "depends-on": []}}, {"STG_DBT__SOURCES": {"DBT_Entity_ID": "1F5NRD87F6QAJDJN6T2DO7BULA", "coalesce_step_Id": "4c42787da188be46a18fd73d39508b09642df405a300ce80e8049b8092595b09", "depends-on": []}}, {"STG_DBT__TESTS": {"DBT_Entity_ID": "3GLHJGR1PBD9T940CK9VTAU970", "coalesce_step_Id": "b50ddb7a4a0fcd7fc4cc990a70ea44900beaf941bfb185709994b98417cd130e", "depends-on": []}}, {"STG_DBT__TEST_EXECUTIONS": {"DBT_Entity_ID": "724SVFURRFMJ6CIVQGLA5VRHJA", "coalesce_step_Id": "8180fb8649b7b31aa7bf8a4e8be08f6abeece0c46fe5efe23958e5808001806f", "depends-on": []}}, {"INT_ALL_DAG_RELATIONSHIPS": {"DBT_Entity_ID": "45HQODMPH9F1MCQTLU4KMLC251", "coalesce_step_Id": "60c3a5923bf65595efdc5a87567feca61b861666a2e0e325bc2ce00a98f61393", "depends-on": []}}, {"INT_ALL_GRAPH_RESOURCES": {"DBT_Entity_ID": "63TMSQ7LCDK4AGPE9CR1G4IDET", "coalesce_step_Id": "092674bd76e79733138ca84a09b4034c9a4b7411f58b918ca1a7393cd7bf0b48", "depends-on": []}}, {"INT_DIRECT_RELATIONSHIPS": {"DBT_Entity_ID": "1TBTKRNRK3RS348VOG93LTGM3J", "coalesce_step_Id": "6607037a61ff09760646dbb4879d89be5b7ba0f06873a54f3d9d1c149f812057", "depends-on": []}}, {"FCT_DIRECT_JOIN_TO_SOURCE": {"DBT_Entity_ID": "52QR7A1CDRKH6M4VAFP5EE6G0I", "coalesce_step_Id": "612b1a0e2634f5c23a35ab63429ca4f392f2c2154b206d0f145b9d15902a7e9e", "depends-on": []}}, {"FCT_DUPLICATE_SOURCES": {"DBT_Entity_ID": "3G5SN5MBCDPBG0JPMEB9DBE0E8", "coalesce_step_Id": "ec35c6f7d648d13c2404e52271f08304c43f9b4fc4f0e05f561818949a26244f", "depends-on": []}}, {"FCT_HARD_CODED_REFERENCES": {"DBT_Entity_ID": "64QN8A8T9VDTJU9NR6A2L2U03Q", "coalesce_step_Id": "6dbdd439f1a62f58c01afbb23b713001ba883e49326fea0ec4ca671667084c8f", "depends-on": []}}, {"FCT_MARTS_OR_INTERMEDIATE_DEPENDENT_ON_SOURCE": {"DBT_Entity_ID": "400FP0LSH0D5S8A2OVQSF9NA7Q", "coalesce_step_Id": "bce61e1f6d9de57054e11584495ee58045dc5ffee03ceb54801a9f936c855078", "depends-on": []}}, {"FCT_MULTIPLE_SOURCES_JOINED": {"DBT_Entity_ID": "5A23235E2CKDFSB0ADEIFI4O8", "coalesce_step_Id": "d2ec2d9991daa07b3fa07dc776564f29120a22901c86356e4e48ac55e2289223", "depends-on": []}}, {"FCT_REJOINING_OF_UPSTREAM_CONCEPTS": {"DBT_Entity_ID": "2NM6S8UIJBF5OCVKH6TU0ONIFV", "coalesce_step_Id": "3b9a9843d04b7c408e45b27a2d9d3b22ebf036a4ada305f92640140071c82543", "depends-on": []}}, {"FCT_ROOT_MODELS": {"DBT_Entity_ID": "5Q2Q2B9BUAJ340HI3LJ61KC3GU", "coalesce_step_Id": "de1309fa21426a204b8f684499be645cd6a877e7c245cc705d5a91a660439515", "depends-on": []}}, {"FCT_SOURCE_FANOUT": {"DBT_Entity_ID": "49TCIUTLD5ECRJ2MFOTT0072A1", "coalesce_step_Id": "86cc8eee2abfc328365dd6306b37e5b205dfa17c8533f3c90cdd783bfeab1d01", "depends-on": []}}, {"FCT_STAGING_DEPENDENT_ON_MARTS_OR_INTERMEDIATE": {"DBT_Entity_ID": "5FMPEOLK96M9C7VULGIDRBS4R1", "coalesce_step_Id": "3a70edc8374af2d5a52dc9f7944a6004ae03557ced995e81b52c710dcd53a264", "depends-on": []}}, {"FCT_STAGING_DEPENDENT_ON_STAGING": {"DBT_Entity_ID": "57DO9CCGF12II9UR2E322ESIS8", "coalesce_step_Id": "37b6783d7b3bf0c749d68a30a3f02392c44729a34671f5c7a7e3b3537f41fb5d", "depends-on": []}}, {"FCT_UNUSED_SOURCES": {"DBT_Entity_ID": "18TJ21C3CTB5VUN0VDBV4V34HP", "coalesce_step_Id": "228aa04e892a079deca749a18bb3414804643b408a21375295da39b354d3001a", "depends-on": []}}, {"FCT_DOCUMENTATION_COVERAGE": {"DBT_Entity_ID": "1MMTM69IPDIIJBR09V8CSBNKC8", "coalesce_step_Id": "2e60f642de8d3b16bc909e2e9573edce21ed87710dd030b5a88d7748dc4d9e37", "depends-on": []}}, {"FCT_UNDOCUMENTED_MODELS": {"DBT_Entity_ID": "2MGG07SOGT7M170F718K1JQRGB", "coalesce_step_Id": "5d57923732f37a54a56bccb85c4e7c8292c0dc30aa4e38dd781b7043bfe3896c", "depends-on": []}}, {"FCT_CHAINED_VIEWS_DEPENDENCIES": {"DBT_Entity_ID": "7BHGVKGJJC5K535HMTR4C7DSIV", "coalesce_step_Id": "5d9863ff9f693f57d84f8ec4ebd85be12ae351b6640540f2a515116f6a8ac7dd", "depends-on": []}}, {"FCT_EXPOSURE_PARENTS_MATERIALIZATIONS": {"DBT_Entity_ID": "A0BBD9PI9Q0ONKV1L6C1GD7TQ", "coalesce_step_Id": "48c3aa236051621f950ea8a7c23d75b42101d4ef39d31bb77d8c3fa6ee060324", "depends-on": []}}, {"FCT_MODEL_DIRECTORIES": {"DBT_Entity_ID": "3R0H0IIETUI88Q1CVER95JTSC9", "coalesce_step_Id": "a2a8a8b1bed4301a4b955366d2935c4ab1d412a4454c99fbd80dd36ae62bee7e", "depends-on": []}}, {"FCT_MODEL_NAMING_CONVENTIONS": {"DBT_Entity_ID": "7JG7IQN0VI9TFFLKG5JMOVVQS4", "coalesce_step_Id": "d250d5eac8555214b0ecb5ab8e44cc9013fad1ab0d185dc45f199eb95cfbfc57", "depends-on": []}}, {"FCT_SOURCE_DIRECTORIES": {"DBT_Entity_ID": "6TMR0R6I01TNM6V2BP8CSR3T87", "coalesce_step_Id": "f5c4f5760eac3f494b9016c5823c1aae6a57cafaa997143d5875cd3ac17203cf", "depends-on": []}}, {"FCT_TEST_DIRECTORIES": {"DBT_Entity_ID": "S2JMFLVKKP6R507Q0T2INESTJ", "coalesce_step_Id": "5b2531c249e0f01aa8532c6f2a929a15cece4807daabe46bc326d97258f03c56", "depends-on": []}}, {"STG_EXPOSURES": {"DBT_Entity_ID": "59S8BBU1LGJMLHOU2DALHLFI5J", "coalesce_step_Id": "65d0e4330b9155632bedc0e085536d4db940f0ef2c8d2123d20fe56617390b33", "depends-on": []}}, {"STG_EXPOSURE_RELATIONSHIPS": {"DBT_Entity_ID": "63R3U1K6FHFMSLNQECSMTKG8HS", "coalesce_step_Id": "f9758772343fea5d53df2333fbe06128dd4a8abbc44a9fd4904d56c547ee507e", "depends-on": []}}, {"STG_METRICS": {"DBT_Entity_ID": "3VEEH99KALBNH8AFSTVSUJ4O5J", "coalesce_step_Id": "c1440ca50096ad866e945302e0493edcefaa6635ed0f25bc249c593460f92e51", "depends-on": []}}, {"STG_METRIC_RELATIONSHIPS": {"DBT_Entity_ID": "44AAGN7M4KBQG16AVPUO7KOHGJ", "coalesce_step_Id": "eab6dc04cf2e2a464c64240d802542ac19b9984c834597acb5439a0d888f52e0", "depends-on": []}}, {"STG_NODES": {"DBT_Entity_ID": "1L10U4KA8AAHFTQDD40QVD6F1T", "coalesce_step_Id": "a55b2912884daa31da07acca09bacdc8908e0aa749db7957cbc9232ef014c4c4", "depends-on": []}}, {"STG_NODE_RELATIONSHIPS": {"DBT_Entity_ID": "4LHQJOS7B9S6JR9HVJ3BLJPCSH", "coalesce_step_Id": "6e1966dc5aaa0190703c530677630b4791392c5a52b251c5c937c9f30a13dc8c", "depends-on": []}}, {"STG_SOURCES": {"DBT_Entity_ID": "130IJ8OBGDPC1U19EG38VH19CQ", "coalesce_step_Id": "00ba460c415d193e9f72ac8c744f0cb7f2044de516f28d64e7125891baaecb5f", "depends-on": []}}, {"BASE_EXPOSURE_RELATIONSHIPS": {"DBT_Entity_ID": "6BOVC510VU1S7NT1U7C6BF0MT", "coalesce_step_Id": "9a0e65d86f2c201d6992c78f285fda619ab28cefb8693d3c4dfb001aa4a71da4", "depends-on": []}}, {"BASE_METRIC_RELATIONSHIPS": {"DBT_Entity_ID": "6017RJC7QF021RD78RUGMC8RBB", "coalesce_step_Id": "2c8bf4551a643c53a213f253a852ef637a07400570cad2ee69ab3368a3a8fc75", "depends-on": []}}, {"BASE_NODE_RELATIONSHIPS": {"DBT_Entity_ID": "3I8POGKA5L446SJCM5KK2D8MD8", "coalesce_step_Id": "96cd3e8eadf7be38d59f1ed590b8eaab87a4f8953382a929b422fb885c6aec96", "depends-on": []}}, {"STG_NAMING_CONVENTION_FOLDERS": {"DBT_Entity_ID": "3NCLL1MJM3PV985UBM7O552MPQ", "coalesce_step_Id": "a7344121b468d8675ffb39e3366e7d8655f4757acab756e1ca6322c3cad0af28", "depends-on": []}}, {"STG_NAMING_CONVENTION_PREFIXES": {"DBT_Entity_ID": "2TH9E5MHF4G63NBI2SIC37UDJ2", "coalesce_step_Id": "218c6dc0c9119c6b06f5094335a2059155b54f684281b9bd68a45ad9e1f0dacb", "depends-on": []}}]