[{"DIM_CUSTOMERS": {"DBT_Entity_ID": "27FELAFQ7V94G01VKBKLLRID90", "coalesce_step_Id": "0a8f313ff06de26e2e67edb8b49c9742b52f08eb12530c50bd05013690a5b5fa", "depends-on": ["STG_CUSTOMERS", "FCT_ORDERS"]}}, {"FCT_ORDERS": {"DBT_Entity_ID": "P4GBV2JNUIHEM2AOPKKQ6U92V", "coalesce_step_Id": "350c57a329279c6c743295998fb0e22aabae535a6cdb196e14a799020baf5a55", "depends-on": ["STG_ORDERS", "STG_PAYMENTS"]}}, {"INT_ORDERS__PIVOTED": {"DBT_Entity_ID": "2VR41GJS6B9GC9JMR4NF2IQUO1", "coalesce_step_Id": "7ad88035bfc927a6d7452a362cc2b2070981bda24b3af62bf1abbdd91966558e", "depends-on": ["STG_PAYMENTS"]}}, {"STG_CUSTOMERS": {"DBT_Entity_ID": "29DUOSU1TLLFKGOP1FIP7SUO3F", "coalesce_step_Id": "cf5017fd562d95e0478f2595b745420e94f763a4a63e77af3518fbac40599a6f", "depends-on": []}}, {"STG_ORDERS": {"DBT_Entity_ID": "6JFC2FOECLOK541THTSG9T5JGR", "coalesce_step_Id": "6c875d43a8d631c4b43381166ade64886166991be4712a25bb929d3d397904fb", "depends-on": []}}, {"STG_PAYMENTS": {"DBT_Entity_ID": "4INDJ0QBEFHO6TPVFNN8LOP2DV", "coalesce_step_Id": "5b2b3068e25717bcccc631c10e9796b17cf4559f994c455d3170543a9b61adab", "depends-on": []}}]