{"CUSTOMERS": {"column_name": [{"name": "FIRST_NAME", "col_description": "", "dbt_column_id": "50VTRSPHJ8G6TCAGEEJ10CNVAP", "datatype": "", "column_id": "0079f090a6555a229475573be9e97b8492a428469fc0160c29a212817a59a077", "alias": "FIRST_NAME"}, {"name": "ID", "col_description": "", "dbt_column_id": "4UDDK4EGJHLQO16N21R7DVUDC1", "datatype": "", "column_id": "339ffa61e5fbd68b1038d9ebab2e880f71a98d2d3d6fbb078814e5d91e5b3ea3", "alias": "CUSTOMER_ID"}, {"name": "LAST_NAME", "col_description": "", "dbt_column_id": "1VKA2U06LUKD81Q5EP5PPDE5R9", "datatype": "", "column_id": "426106e68bb8f6e389c1d92c77f5fe20de79a688fc22fe74ff75c0d62b90551e", "alias": "LAST_NAME"}], "dbt_entity_id": "1KVTMDMCISIOUEODJSK1MPKJF0", "schema": "JAFFLE_SHOP", "database": "RAW", "source_name": "CUSTOMERS", "step_id": "175075184946b715adc96b32e5ac3cb7cbb58fabc3154374909c66465eee817b"}, "ORDERS": {"column_name": [{"name": "ID", "col_description": "", "dbt_column_id": "7O54NLINLBQJN0M5KV9U9SJQ29", "datatype": "", "column_id": "49f0641349b950c87f55cc6d337642628915a33694296a4046e6af84dfe401ad", "alias": "ORDER_ID"}, {"name": "ORDER_DATE", "col_description": "", "dbt_column_id": "623LK9MKHBSO5KO7KV61CHJ458", "datatype": "", "column_id": "926d990e1451ac9d31539a8e49adfc059ac85b1186be088d2851111559b347e5", "alias": "ORDER_DATE"}, {"name": "STATUS", "col_description": "", "dbt_column_id": "55BQPMJ0DD2M6UOMOOUOA8D5LM", "datatype": "", "column_id": "c1a9c40dca09fc2e9ea86596fc116a32f5147013664d28b25bac4ad8e1151555", "alias": "STATUS"}, {"name": "USER_ID", "col_description": "", "dbt_column_id": "6QRIUB8M5DUD50SN7I57JC454G", "datatype": "", "column_id": "6989100032c5c257198a8974003baceb94f8398dcdab9df88b1fa11264c2a28d", "alias": "CUSTOMER_ID"}], "dbt_entity_id": "108HJIIT49F5L45VOQ8QA47PL5", "schema": "JAFFLE_SHOP", "database": "RAW", "source_name": "ORDERS", "step_id": "13dfd0651cdd5276d99ecd36161a0f701a238e72021e459ef8b3828821890d8b"}, "PAYMENT": {"column_name": [{"name": "AMOUNT", "col_description": "", "dbt_column_id": "7T8QAG46BQUA8GCIT49Q3V1KVI", "datatype": "", "column_id": "543d8e046ee09f1fb9a515091133078cb199719e0e99915281f6e07c369782df", "alias": "ROUND"}, {"name": "CREATED", "col_description": "", "dbt_column_id": "75U10OPIQSC54G3HJ3Q114DGFH", "datatype": "", "column_id": "fec8453b3a5fb2751f7bcd8c8adb42e0cf4f293650cfa7d9b11239e30bd02031", "alias": "CREATED_AT"}, {"name": "ID", "col_description": "", "dbt_column_id": "6PK0V8U5N4F3SMMOHNO1VTBDN4", "datatype": "", "column_id": "dc75b010a61cd5cbd0732c76bf4f615a8f93223ac501350493c62b1f991b1e04", "alias": "PAYMENT_ID"}, {"name": "ORDERID", "col_description": "", "dbt_column_id": "52QALPNDG49PF0JQDV62FB9KQF", "datatype": "", "column_id": "4d06be8db7de36b5a865b52f2627ada1c4f497fe8ccff04645f96a053a410685", "alias": "ORDER_ID"}, {"name": "PAYMENTMETHOD", "col_description": "", "dbt_column_id": "65MO2K5QGM4P3T9KPKU63APJF6", "datatype": "", "column_id": "c6958bf52a179d112d0e8204f0bfc244e79e841ca8664f1fc0788cf70339cddc", "alias": "PAYMENT_METHOD"}, {"name": "STATUS", "col_description": "", "dbt_column_id": "2OL6FSSVNCFKE6IJUOE3HQ4IRC", "datatype": "", "column_id": "21e6e580187c2773c80a11da36fbfd267a2514ad4b656758e370f75e2744bc71", "alias": "STATUS"}], "dbt_entity_id": "7I9PF11IR8V9RFJUP17ACF0CG8", "schema": "STRIPE", "database": "RAW", "source_name": "PAYMENT", "step_id": "ff51d45c19d5f519bc45b8d90b3bce0936ee0716ace19266940f3d970db22370"}}