{"CUSTOMERS": {"column_name": [], "dbt_entity_id": "1KVTMDMCISIOUEODJSK1MPKJF0", "schema": "JAFFLE_SHOP", "database": "RAW", "source_name": "CUSTOMERS", "step_id": "cb2c4d5dad27100fb249423d5b7bf9aa31b7b6086b2d3a73028d8328dc4d5d01"}, "ORDERS": {"column_name": [], "dbt_entity_id": "108HJIIT49F5L45VOQ8QA47PL5", "schema": "JAFFLE_SHOP", "database": "RAW", "source_name": "ORDERS", "step_id": "3686ec084a7ef567610ce31276600c62e72ff17d382cf827334f5a8ff1587971"}, "PAYMENT": {"column_name": [], "dbt_entity_id": "7I9PF11IR8V9RFJUP17ACF0CG8", "schema": "STRIPE", "database": "RAW", "source_name": "PAYMENT", "step_id": "e58a243d62aed6862f682debcdb6fddcacd0754c5b0328e1442cc95c7b2402b8"}}